Tempo(s),Tensao_Drone(N),Tensao_Origem(N),PosX(m),PosY(m),PosZ(m),Angulo_EixoX(graus),Angulo_EixoY(graus),Angulo_EixoZ(graus)
0.000,2.7294,7.9393,0.0911,0.0919,1.9911,0.0000,0.0000,0.0000
0.050,3.4949,7.1022,0.0884,0.0919,1.9767,-10.6291,-0.0837,10.6294
0.100,4.3568,6.9619,0.0929,0.0919,1.9730,-22.4281,-0.0148,22.4281
0.150,4.7211,5.8998,0.1121,0.0919,1.9781,-24.3430,-0.0231,24.3430
0.200,5.1236,4.8520,0.1468,0.0919,1.9877,-19.9231,-0.0377,19.9231
0.250,6.1072,4.1713,0.1947,0.0919,1.9995,-13.3112,-0.0464,13.3113
0.300,7.3985,3.4249,0.2534,0.0919,2.0125,-6.6235,-0.0424,6.6236
0.350,8.7808,2.2450,0.3206,0.0920,2.0267,-0.5141,-0.0315,0.5150
0.400,10.3260,0.6224,0.3941,0.0920,2.0424,4.9468,-0.0177,4.9468
0.450,12.1288,1.3108,0.4718,0.0921,2.0599,9.7337,-0.0087,9.7337
0.500,14.1819,3.4645,0.5516,0.0922,2.0792,13.9269,-0.0087,13.9269
0.550,16.4124,5.7744,0.6316,0.0922,2.1002,17.5191,-0.0146,17.5191
0.600,18.7499,8.1960,0.7099,0.0923,2.1225,20.5778,-0.0693,20.5779
0.650,21.0194,11.6816,0.7848,0.0923,2.1458,23.1115,-0.0065,23.1115
0.700,24.0429,18.7799,0.8549,0.0924,2.1695,25.1909,-0.0597,25.1910
0.750,30.7079,22.0567,0.9187,0.0925,2.1931,27.0030,-0.0454,27.0030
0.800,36.0581,25.1715,0.9753,0.0926,2.2162,29.3747,-0.0137,29.3747
0.850,37.8468,28.7976,1.0237,0.0927,2.2382,28.9647,0.0039,28.9647
0.900,38.8716,31.4388,1.0632,0.0928,2.2589,43.4171,0.0387,43.4171
0.950,42.7019,32.9701,1.0934,0.0929,2.2780,50.7243,0.0807,50.7243
1.000,45.0930,36.0853,1.1140,0.0930,2.2954,51.8316,0.0987,51.8316
1.050,46.5412,38.8591,1.1248,0.0931,2.3111,49.7215,0.0931,49.7215
1.100,48.1693,39.8729,1.1259,0.0932,2.3251,45.9241,0.0851,45.9241
1.150,49.6519,41.8652,1.1175,0.0933,2.3377,41.7402,0.0837,41.7403
1.200,50.5783,43.0294,1.0998,0.0933,2.3491,38.6265,0.0826,38.6265
1.250,49.7279,41.1829,1.0735,0.0934,2.3594,35.2934,0.0798,35.2935
1.300,49.7587,40.2221,1.0391,0.0934,2.3689,37.5639,0.0886,37.5639
1.350,49.2021,40.3437,0.9971,0.0934,2.3779,39.6780,0.0998,39.6780
1.400,48.5011,40.4937,0.9485,0.0934,2.3865,38.7991,0.0985,38.7991
1.450,48.2199,39.9197,0.8939,0.0934,2.3951,35.2678,0.0891,35.2679
1.500,48.1245,38.4204,0.8342,0.0934,2.4037,29.8764,0.0758,29.8764
1.550,47.7304,37.5766,0.7702,0.0933,2.4124,23.6895,0.0609,23.6896
1.600,47.4094,37.3823,0.7028,0.0933,2.4213,17.2675,0.0369,17.2675
1.650,47.0876,36.9582,0.6328,0.0932,2.4306,12.4034,0.0119,12.4034
1.700,46.0452,36.3372,0.5609,0.0931,2.4402,10.8155,-0.0043,10.8155
1.750,45.0574,35.7063,0.4881,0.0930,2.4501,11.0622,-0.0123,11.0622
1.800,44.8991,35.4700,0.4148,0.0929,2.4603,10.9025,-0.0190,10.9025
1.850,45.3032,35.6564,0.3419,0.0928,2.4707,9.0893,-0.0277,9.0894
1.900,45.8923,35.6815,0.2699,0.0927,2.4812,5.6195,-0.0392,5.6196
1.950,46.4615,35.7146,0.1994,0.0926,2.4919,1.1159,-0.0524,1.1171
2.000,47.1506,36.3445,0.1306,0.0925,2.5024,-3.8169,-0.0639,3.8175
2.050,48.1171,37.4474,0.0641,0.0925,2.5129,-8.0354,-0.0745,8.0357
2.100,49.0039,38.6481,0.0000,0.0924,2.5231,-10.1181,-0.0782,10.1184
2.150,49.7233,39.8178,-0.0614,0.0924,2.5330,-9.9832,-0.0752,9.9835
2.200,50.6908,41.0676,-0.1200,0.0923,2.5425,-9.3514,-0.0708,9.3516
2.250,50.2941,41.8249,-0.1759,0.0923,2.5515,-9.5494,-0.0690,9.5497
2.300,50.5703,40.7540,-0.2291,0.0923,2.5600,-10.6094,-0.0689,10.6096
2.350,51.3394,40.6297,-0.2796,0.0923,2.5677,-12.7821,-0.0725,12.7822
2.400,51.7292,41.0087,-0.3275,0.0923,2.5748,-15.4729,-0.0772,15.4730
2.450,51.8759,41.5431,-0.3731,0.0922,2.5811,-17.8236,-0.2986,17.8258
2.500,52.0020,41.9763,-0.4166,0.0922,2.5865,-19.0005,-0.4439,19.0050
2.550,52.1263,42.3286,-0.4581,0.0922,2.5910,-18.5510,-0.7475,18.5640
2.600,52.3120,42.6886,-0.4978,0.0922,2.5946,-17.2547,-0.7992,17.2711
2.650,52.5249,43.0239,-0.5360,0.0922,2.5971,-16.0231,-1.1027,16.0572
2.700,52.7416,43.2255,-0.5727,0.0922,2.5986,-15.8472,-1.2169,15.8893
2.750,52.9479,43.2809,-0.6081,0.0922,2.5990,-16.7255,-1.4311,16.7800
2.800,53.1519,43.2987,-0.6423,0.0922,2.5983,-18.5473,-1.5772,18.6054
2.850,53.4489,43.3854,-0.6754,0.0922,2.5964,-20.4556,-1.9424,20.5330
2.900,54.0420,43.6423,-0.7074,0.0922,2.5934,-21.7729,-2.1564,21.8603
2.950,53.9926,44.1350,-0.7382,0.0922,2.5892,-21.9058,-2.2470,21.9999
3.000,53.7046,44.5669,-0.7679,0.0922,2.5839,-21.4085,-2.3044,21.5107
3.050,53.8881,44.8385,-0.7963,0.0922,2.5775,-20.5063,-2.5679,20.6409
3.100,53.9480,44.9438,-0.8233,0.0922,2.5700,-20.1952,-2.7437,20.3520
3.150,54.2353,44.9441,-0.8488,0.0922,2.5613,-20.5328,-2.7150,20.6829
3.200,54.3773,44.8702,-0.8727,0.0922,2.5516,-21.8204,-2.6327,21.9503
3.250,54.3246,44.8421,-0.8946,0.0922,2.5409,-23.9939,-2.7752,24.1197
3.300,54.1035,44.8187,-0.9146,0.0922,2.5291,-24.3620,-1.9067,24.4200
3.350,53.8002,44.7910,-0.9323,0.0922,2.5163,-26.5288,-2.8282,26.6405
3.400,53.5515,44.6603,-0.9477,0.0923,2.5025,-24.9406,-1.1497,24.9610
3.450,53.5922,44.4901,-0.9606,0.0923,2.4877,-26.0559,-2.6165,26.1543
3.500,53.5189,44.3106,-0.9708,0.0924,2.4720,-24.9838,-1.5373,25.0201
3.550,53.4011,44.1762,-0.9783,0.0924,2.4554,-26.3194,-2.3556,26.3980
3.600,53.0203,43.9882,-0.9830,0.0924,2.4379,-27.1006,-2.0617,27.1580
3.650,52.5507,43.7277,-0.9848,0.0924,2.4195,-28.1847,-1.9579,28.2332
3.700,52.1919,43.3337,-0.9838,0.0924,2.4002,-29.5170,-2.2100,29.5739
3.750,51.9371,42.8978,-0.9798,0.0924,2.3801,-29.7182,-2.0790,29.7680
3.800,51.6214,42.4802,-0.9730,0.0924,2.3591,-29.5625,-2.0194,29.6099
3.850,51.1558,42.0793,-0.9633,0.0924,2.3374,-29.1458,-1.8781,29.1879
3.900,50.5450,41.6141,-0.9509,0.0924,2.3149,-28.3982,-1.6070,28.4304
3.950,49.7585,40.9245,-0.9358,0.0924,2.2918,-28.2080,-1.2308,28.2271
4.000,48.6457,39.8253,-0.9181,0.0923,2.2679,-28.1529,-0.6661,28.1585
4.050,46.5960,38.0854,-0.8979,0.0923,2.2435,-28.0412,0.0669,28.0413
4.100,43.7206,35.3422,-0.8752,0.0923,2.2184,-28.0767,-0.0360,28.0767
4.150,41.0898,32.0827,-0.8501,0.0922,2.1928,-27.8380,-0.0387,27.8380
4.200,38.2021,28.9670,-0.8228,0.0922,2.1668,-27.1525,-0.0373,27.1525
4.250,35.0677,25.9441,-0.7933,0.0922,2.1402,-26.0020,-0.0341,26.0020
4.300,31.9104,22.8189,-0.7617,0.0921,2.1133,-24.5751,-0.0315,24.5751
4.350,28.7447,19.5775,-0.7280,0.0921,2.0861,-23.1049,-0.0270,23.1049
4.400,25.4961,16.2678,-0.6925,0.0921,2.0586,-21.6848,-0.0168,21.6848
4.450,22.1446,12.8926,-0.6551,0.0921,2.0309,-20.3244,-0.0088,20.3244
4.500,18.7209,9.4499,-0.6160,0.0920,2.0030,-19.0258,-0.0048,19.0258
4.550,15.2699,5.9888,-0.5751,0.0920,1.9749,-17.5360,0.0008,17.5360
4.600,11.8482,2.6695,-0.5327,0.0920,1.9468,-15.7620,-0.0084,15.7620
4.650,8.5544,1.3585,-0.4888,0.0920,1.9187,-13.4064,-0.0088,13.4064
4.700,5.5962,3.4325,-0.4434,0.0920,1.8906,-10.3761,-0.0126,10.3761
4.750,3.7132,3.1128,-0.3967,0.0920,1.8626,-6.7091,-0.0183,6.7091
4.800,4.7146,2.2306,-0.3487,0.0920,1.8347,-3.6507,-0.0192,3.6507
4.850,7.8814,2.5334,-0.2996,0.0919,1.8070,-1.6911,-0.0168,1.6912
4.900,10.8512,2.8297,-0.2495,0.0919,1.7794,-0.3250,-0.0178,0.3255
4.950,11.9703,2.6276,-0.1984,0.0919,1.7522,0.8451,-0.0219,0.8454
5.000,10.8189,2.5718,-0.1465,0.0919,1.7252,1.9635,-0.0125,1.9635
5.050,8.5693,2.6388,-0.0939,0.0919,1.6986,3.5427,-0.0065,3.5427
5.100,6.4309,2.3323,-0.0406,0.0919,1.6724,4.1176,-0.0160,4.1177
5.150,5.9990,2.3652,0.0131,0.0919,1.6465,4.1492,0.0249,4.1492
5.200,6.8353,2.5004,0.0672,0.0919,1.6211,7.2416,-0.1206,7.2426
5.250,7.9556,2.6493,0.1216,0.0919,1.5962,12.5558,-0.0900,12.5561
5.300,8.5631,2.7139,0.1761,0.0919,1.5718,15.1660,-0.0197,15.1660
5.350,7.8129,2.4791,0.2305,0.0919,1.5480,13.6276,-0.0437,13.6277
5.400,6.9995,2.1896,0.2849,0.0918,1.5247,10.8539,-0.0553,10.8540
5.450,6.4651,2.0617,0.3390,0.0918,1.5020,8.7784,-0.0356,8.7785
5.500,6.7365,1.9052,0.3927,0.0918,1.4799,7.7115,-0.0121,7.7115
5.550,7.4791,1.7931,0.4458,0.0918,1.4585,7.1827,0.0060,7.1827
5.600,8.4755,1.8245,0.4984,0.0918,1.4377,6.8134,-0.0021,6.8134
5.650,7.9316,1.9192,0.5501,0.0918,1.4176,5.8946,-0.0063,5.8946
5.700,6.6114,1.7727,0.6009,0.0918,1.3982,4.0062,0.0013,4.0062
5.750,7.0333,3.4782,0.6507,0.0917,1.3795,2.2092,0.0032,2.2092
5.800,7.6005,1.9656,0.6993,0.0917,1.3615,2.3621,-0.0329,2.3623
5.850,6.8359,1.8669,0.7465,0.0917,1.3442,4.5276,-0.0447,4.5279
5.900,6.4770,8.7005,0.7924,0.0917,1.3277,6.2601,-0.0544,6.2603
5.950,9.3026,4.3649,0.8367,0.0917,1.3120,7.1971,0.1202,7.1981
6.000,9.2203,3.3951,0.8794,0.0917,1.2970,6.4024,-0.0104,6.4024
6.050,6.7837,3.4035,0.9202,0.0917,1.2827,11.9591,0.1339,11.9598
6.100,6.8586,3.2677,0.9592,0.0916,1.2692,18.6681,-0.4792,18.6735
6.150,7.1033,2.2196,0.9961,0.0916,1.2565,17.3264,-0.5820,17.3351
6.200,7.6092,1.9812,1.0310,0.0916,1.2445,13.4568,1.4291,13.5270
6.250,6.6765,1.6801,1.0636,0.0916,1.2333,21.7059,0.4851,21.7104
6.300,6.8229,1.7128,1.0939,0.0916,1.2229,29.5268,-3.0535,29.6354
6.350,6.8225,1.7099,1.1218,0.0916,1.2132,28.0900,-2.9757,28.2025
6.400,6.8133,1.7303,1.1473,0.0916,1.2043,24.6506,-2.0419,24.7160
6.450,6.8195,1.7780,1.1702,0.0915,1.1961,23.1784,-1.5615,23.2204
6.500,6.5933,1.8660,1.1904,0.0915,1.1886,22.2154,-1.0073,22.2339
6.550,7.3456,6.6192,1.2080,0.0915,1.1819,19.4092,-0.1313,19.4095
6.600,9.5413,5.8781,1.2228,0.0915,1.1759,15.2967,0.3451,15.3002
6.650,10.2397,5.6763,1.2348,0.0915,1.1707,14.5995,-0.6899,14.6144
6.700,8.4786,4.6508,1.2439,0.0915,1.1662,16.3701,-0.1018,16.3704
6.750,6.2075,3.1407,1.2502,0.0915,1.1623,16.8463,1.1196,16.8793
6.800,5.3959,2.9390,1.2535,0.0915,1.1592,16.5452,1.6113,16.6151
6.850,6.1188,3.6884,1.2538,0.0915,1.1568,18.2796,1.0860,18.3076
6.900,7.6694,3.1906,1.2512,0.0915,1.1551,22.4425,0.5069,22.4471
6.950,8.0041,3.0992,1.2457,0.0915,1.1540,26.0371,0.2525,26.0380
7.000,7.8621,3.4568,1.2371,0.0915,1.1536,32.6166,1.8045,32.6481
7.050,7.2673,3.4175,1.2256,0.0915,1.1539,34.0304,2.3360,34.0788
7.100,6.5341,3.1790,1.2111,0.0915,1.1548,28.9295,1.0443,28.9427
7.150,6.0659,2.8190,1.1937,0.0915,1.1564,23.3097,0.4420,23.3130
7.200,6.6436,2.7479,1.1734,0.0915,1.1586,20.0461,0.1571,20.0466
7.250,7.8890,2.9482,1.1503,0.0915,1.1614,15.1322,-0.3673,15.1363
7.300,7.4629,3.4739,1.1243,0.0915,1.1648,9.3275,-0.3629,9.3343
7.350,6.8146,3.8167,1.0956,0.0915,1.1689,8.1944,-0.2734,8.1988
7.400,6.8533,3.7049,1.0642,0.0914,1.1735,10.1463,0.0339,10.1463
7.450,6.8259,3.4571,1.0302,0.0914,1.1786,11.7468,0.1055,11.7472
7.500,6.5637,3.1543,0.9936,0.0914,1.1844,11.3387,-0.2899,11.3422
7.550,6.3821,2.7759,0.9545,0.0914,1.1908,9.2292,-0.7010,9.2549
7.600,6.3667,2.5491,0.9131,0.0913,1.1977,8.3385,-1.0235,8.3994
7.650,6.1591,2.3886,0.8695,0.0913,1.2051,8.8451,-0.8365,8.8833
7.700,5.5241,2.2724,0.8237,0.0913,1.2130,9.5842,-0.9827,9.6326
7.750,5.5081,1.9051,0.7758,0.0913,1.2214,9.6013,-0.9328,9.6449
7.800,5.6791,1.9226,0.7260,0.0913,1.2303,9.2002,-0.6091,9.2197
7.850,5.8265,2.0049,0.6744,0.0913,1.2397,7.2754,-0.3759,7.2849
7.900,5.9592,2.0585,0.6212,0.0913,1.2496,3.2397,-0.2416,3.2486
7.950,6.1415,2.0850,0.5664,0.0913,1.2598,-0.7789,-0.5548,0.9563
8.000,6.2691,2.0223,0.5103,0.0913,1.2705,-4.1720,-0.4758,4.1989
8.050,6.2676,1.9928,0.4529,0.0913,1.2816,-6.6615,-0.2087,6.6647
8.100,6.0892,1.9229,0.3945,0.0913,1.2930,-8.6895,-0.0851,8.6899
8.150,5.9016,1.9829,0.3351,0.0913,1.3047,-10.4043,0.0750,10.4045
8.200,6.0029,1.9775,0.2750,0.0914,1.3168,-11.2745,0.3288,11.2791
8.250,6.3146,1.9694,0.2143,0.0914,1.3292,-10.8938,0.1962,10.8955
8.300,6.4139,1.8946,0.1532,0.0914,1.3418,-9.9761,0.1130,9.9767
8.350,6.3325,1.9853,0.0918,0.0914,1.3547,-9.4652,0.1495,9.4663
8.400,6.3056,1.9888,0.0303,0.0914,1.3678,-9.4481,0.2546,9.4514
8.450,6.4103,2.0230,-0.0312,0.0914,1.3810,-9.7794,0.1959,9.7813
8.500,6.5464,2.0243,-0.0923,0.0915,1.3944,-9.9954,-0.1403,9.9963
8.550,6.6692,2.0208,-0.1531,0.0915,1.4080,-9.2891,-0.2233,9.2917
8.600,6.7132,1.9116,-0.2133,0.0915,1.4216,-8.2505,-0.0956,8.2510
8.650,6.7491,1.9969,-0.2727,0.0915,1.4352,-7.9386,-0.0807,7.9390
8.700,6.8943,1.8181,-0.3312,0.0915,1.4489,-8.1959,0.1473,8.1972
8.750,6.9906,2.0270,-0.3887,0.0915,1.4625,-7.7871,0.2523,7.7911
8.800,8.2166,1.8573,-0.4449,0.0915,1.4761,-7.1974,-0.7235,7.2329
8.850,8.2631,9.1255,-0.4997,0.0915,1.4896,-6.5846,-0.4080,6.5970
8.900,12.9768,3.4329,-0.5530,0.0915,1.5030,-8.7527,0.2483,8.7561
8.950,11.9607,1.9937,-0.6046,0.0915,1.5162,-9.2061,-0.4410,9.2163
9.000,6.6594,2.0191,-0.6544,0.0915,1.5293,-9.8781,0.2054,9.8802
9.050,4.4439,2.0914,-0.7023,0.0915,1.5421,-14.3346,0.6883,14.3497
9.100,5.9475,2.5676,-0.7480,0.0915,1.5547,-15.2985,-0.7393,15.3147
9.150,7.9466,2.9622,-0.7916,0.0915,1.5670,-17.5627,0.0658,17.5628
